step,time,kinetic_energy,potential_energy,total_energy,energy_drift,px,py,pz,tree_build_ms,force_ms,integrate_ms
1,0.001000,744221.739843,-1466418.587005,-722196.847161,0.000000e+00,-1140.153652,589.397909,581.216828,1.243,4.270,0.534
2,0.002000,744203.571289,-1466404.122407,-722200.551118,5.128735e-06,-1140.103025,589.353473,581.355358,1.037,15.453,0.281
3,0.003000,744185.474252,-1466389.101562,-722203.627310,9.388228e-06,-1139.991191,589.292857,581.508835,0.688,6.178,0.198
4,0.004000,744167.245477,-1466373.535488,-722206.290011,1.307517e-05,-1139.852058,589.225358,581.648215,0.581,4.219,0.140
5,0.005000,744148.395446,-1466357.435137,-722209.039690,1.688256e-05,-1139.723545,589.196628,581.742136,0.610,4.014,0.125
6,0.006000,744129.472849,-1466340.811118,-722211.338269,2.006532e-05,-1139.642793,589.234507,581.799337,0.588,3.881,0.104
7,0.007000,744110.487490,-1466323.671996,-722213.184506,2.262173e-05,-1139.560294,589.305098,581.852083,0.600,3.717,0.135
8,0.008000,744090.499223,-1466306.035781,-722215.536558,2.587853e-05,-1139.436060,589.388396,581.926220,0.588,3.955,0.141
9,0.009000,744068.654842,-1466287.932642,-722219.277799,3.105890e-05,-1139.309651,589.490062,581.973899,0.595,3.646,0.102
10,0.010000,744045.679586,-1466269.400501,-722223.720915,3.721112e-05,-1139.193288,589.594631,581.995292,2.257,4.233,0.197
11,0.011000,744022.685808,-1466250.482895,-722227.797087,4.285525e-05,-1139.076371,589.690166,582.027586,0.600,3.959,0.110
12,0.012000,744000.067244,-1466231.221597,-722231.154353,4.750393e-05,-1138.910939,589.791312,582.041032,0.606,3.864,0.146
13,0.013000,743978.203345,-1466211.674176,-722233.470830,5.071148e-05,-1138.741916,589.904405,581.996266,0.579,3.748,0.115
14,0.014000,743956.355344,-1466191.884899,-722235.529555,5.356212e-05,-1138.587730,589.982989,581.848524,0.612,3.823,0.119
15,0.015000,743934.704548,-1466171.886531,-722237.181983,5.585018e-05,-1138.438310,590.033054,581.653795,0.600,4.649,0.185
16,0.016000,743914.282525,-1466151.694331,-722237.411806,5.616840e-05,-1138.313571,590.068887,581.465156,0.594,3.821,0.128
17,0.017000,743894.075177,-1466131.303281,-722237.228104,5.591404e-05,-1138.190744,590.174852,581.310982,0.595,3.929,0.171
18,0.018000,743873.452451,-1466110.684902,-722237.232451,5.592006e-05,-1138.049061,590.412952,581.176302,0.581,3.749,0.150
19,0.019000,743853.113628,-1466089.812750,-722236.699122,5.518158e-05,-1137.891321,590.643068,581.038957,0.584,3.729,0.120
20,0.020000,743832.423166,-1466068.646067,-722236.222901,5.452217e-05,-1137.759778,590.831505,580.975710,0.587,3.793,0.113
21,0.021000,743811.353854,-1466047.148727,-722235.794872,5.392949e-05,-1137.660583,591.033076,580.949729,0.572,3.666,0.098
22,0.022000,743790.770963,-1466025.277007,-722234.506044,5.214490e-05,-1137.601327,591.191831,580.902788,0.591,3.815,0.122
23,0.023000,743770.750532,-1466002.994136,-722232.243604,4.901218e-05,-1137.567785,591.324962,580.876660,0.609,3.827,0.165
24,0.024000,743749.804677,-1465980.265306,-722230.460629,4.654336e-05,-1137.506794,591.454934,580.878399,0.594,3.966,0.107
25,0.025000,743728.211605,-1465957.062919,-722228.851314,4.431500e-05,-1137.455424,591.555053,580.871769,0.612,3.766,0.119
26,0.026000,743706.716718,-1465933.366966,-722226.650248,4.126726e-05,-1137.413028,591.619017,580.885734,0.574,3.910,0.122
27,0.027000,743684.298116,-1465909.175244,-722224.877128,3.881209e-05,-1137.370018,591.628514,580.938948,0.588,3.759,0.106
28,0.028000,743661.882451,-1465884.474993,-722222.592541,3.564870e-05,-1137.384428,591.657657,581.031025,0.598,3.820,0.126
29,0.029000,743639.935819,-1465859.266027,-722219.330208,3.113147e-05,-1137.428987,591.727342,581.216210,0.583,3.738,0.101
30,0.030000,743617.847897,-1465833.551686,-722215.703789,2.611009e-05,-1137.480652,591.768920,581.443743,0.600,3.843,0.139
31,0.031000,743595.651635,-1465807.341616,-722211.689981,2.055232e-05,-1137.503899,591.793087,581.610520,0.551,3.690,0.093
32,0.032000,743572.885410,-1465780.655321,-722207.769911,1.512434e-05,-1137.506935,591.802391,581.763779,0.600,3.986,0.141
33,0.033000,743549.178162,-1465753.518960,-722204.340798,1.037617e-05,-1137.507137,591.799664,581.861602,0.583,3.665,0.118
34,0.034000,743526.298167,-1465725.952726,-722199.654559,3.887303e-06,-1137.493566,591.825477,581.873954,0.586,3.695,0.103
35,0.035000,743504.949754,-1465697.982797,-722193.033043,5.281272e-06,-1137.487678,591.827511,581.906644,0.562,3.786,0.116
36,0.036000,743483.433521,-1465669.641610,-722186.208089,1.473154e-05,-1137.436343,591.771514,581.979819,0.603,3.633,0.160
37,0.037000,743460.856738,-1465640.964534,-722180.107796,2.317840e-05,-1137.330730,591.693617,582.034832,0.576,3.735,0.110
38,0.038000,743436.831761,-1465611.972504,-722175.140744,3.005610e-05,-1137.269155,591.579314,582.064831,0.588,3.794,0.114
39,0.039000,743411.322053,-1465582.683843,-722171.361790,3.528868e-05,-1137.248720,591.398964,582.160295,0.573,3.698,0.096
40,0.040000,743384.910587,-1465553.108259,-722168.197672,3.966992e-05,-1137.216080,591.207648,582.309643,0.596,4.041,0.123
41,0.041000,743357.734847,-1465523.266137,-722165.531290,4.336196e-05,-1137.186489,591.086320,582.438870,0.575,3.705,0.113
42,0.042000,743329.943151,-1465493.175133,-722163.231982,4.654573e-05,-1137.150649,591.018883,582.536859,0.589,3.731,0.103
43,0.043000,743301.628731,-1465462.852228,-722161.223497,4.932681e-05,-1137.114418,590.965805,582.635532,0.590,3.733,0.099
44,0.044000,743272.298939,-1465432.315872,-722160.016933,5.099749e-05,-1137.052553,590.936163,582.775529,0.590,3.906,0.119
45,0.045000,743241.757618,-1465401.590166,-722159.832547,5.125280e-05,-1136.939299,590.916700,582.948888,0.600,3.729,0.124
46,0.046000,743210.488961,-1465370.698551,-722160.209590,5.073073e-05,-1136.789085,590.852951,583.114839,0.584,3.732,0.128
47,0.047000,743178.610314,-1465339.661685,-722161.051371,4.956514e-05,-1136.609772,590.762557,583.274981,0.584,3.820,0.117
48,0.048000,743146.870350,-1465308.483572,-722161.613222,4.878717e-05,-1136.386916,590.680335,583.423152,0.619,3.765,0.108
49,0.049000,743115.574311,-1465277.164166,-722161.589854,4.881953e-05,-1136.149793,590.596577,583.546680,0.599,3.717,0.104
50,0.050000,743083.203784,-1465245.698385,-722162.494600,4.756676e-05,-1135.950305,590.545731,583.655959,0.615,3.790,0.114
51,0.051000,743049.433564,-1465214.078597,-722164.645033,4.458913e-05,-1135.774545,590.518675,583.728462,0.583,3.835,0.111
52,0.052000,743015.855118,-1465182.301262,-722166.446144,4.209520e-05,-1135.593892,590.468299,583.769862,0.576,3.718,0.101
53,0.053000,742982.713914,-1465150.374221,-722167.660307,4.041399e-05,-1135.390588,590.417928,583.823634,0.577,3.822,0.107
54,0.054000,742949.045130,-1465118.306966,-722169.261835,3.819641e-05,-1135.176403,590.404439,583.891333,0.569,3.736,0.091
55,0.055000,742915.462746,-1465086.120122,-722170.657376,3.626405e-05,-1134.967559,590.406473,583.976575,0.587,3.724,0.219
56,0.056000,742882.572721,-1465053.847358,-722171.274637,3.540935e-05,-1134.798314,590.435672,584.099508,0.603,3.706,0.115
57,0.057000,742849.703215,-1465021.533699,-722171.830484,3.463969e-05,-1134.663433,590.508866,584.269837,0.592,3.835,0.118
58,0.058000,742817.113159,-1464989.211614,-722172.098454,3.426864e-05,-1134.547494,590.598335,584.473864,0.593,3.736,0.116
59,0.059000,742785.402008,-1464956.915864,-722171.513856,3.507812e-05,-1134.444692,590.699050,584.712262,0.581,3.742,0.116
60,0.060000,742754.035413,-1464924.665925,-722170.630512,3.630125e-05,-1134.346412,590.807730,584.970886,0.588,3.716,0.128
61,0.061000,742723.089359,-1464892.460125,-722169.370766,3.804558e-05,-1134.204430,590.920870,585.225025,0.596,3.801,0.125
62,0.062000,742693.170285,-1464860.294531,-722167.124247,4.115625e-05,-1134.111098,591.024076,585.426849,0.585,3.702,0.099
63,0.063000,742663.871480,-1464828.142929,-722164.271448,4.510642e-05,-1134.118615,591.089949,585.593755,0.606,3.866,0.124
64,0.064000,742633.293814,-1464795.969521,-722162.675708,4.731598e-05,-1134.140124,591.153295,585.774000,0.573,3.690,0.108
65,0.065000,742601.323824,-1464763.741431,-722162.417607,4.767337e-05,-1134.161572,591.159712,585.942058,0.608,3.781,0.136
66,0.066000,742568.542782,-1464731.410443,-722162.867661,4.705019e-05,-1134.166594,591.078557,586.108250,0.579,3.869,0.117
67,0.067000,742535.729912,-1464698.942462,-722163.212550,4.657264e-05,-1134.138417,590.959501,586.277317,0.581,5.002,0.109
68,0.068000,742503.291936,-1464666.299702,-722163.007766,4.685619e-05,-1134.112969,590.829646,586.493981,0.599,5.235,0.140
69,0.069000,742471.340494,-1464633.447521,-722162.107027,4.810341e-05,-1134.119046,590.704450,586.697060,0.583,4.372,0.181
70,0.070000,742439.837530,-1464600.350589,-722160.513059,5.031052e-05,-1134.086662,590.551439,586.833120,0.604,4.090,0.148
71,0.071000,742408.219660,-1464566.965815,-722158.746154,5.275709e-05,-1134.028457,590.409500,586.942156,0.604,3.815,0.132
72,0.072000,742376.765823,-1464533.260645,-722156.494822,5.587443e-05,-1133.984438,590.289299,587.027146,0.615,3.884,0.117
73,0.073000,742346.069557,-1464499.201231,-722153.131675,6.053126e-05,-1133.908313,590.176366,587.111398,0.568,3.740,0.126
74,0.074000,742315.412666,-1464464.762019,-722149.349353,6.576851e-05,-1133.776864,590.043180,587.199221,0.575,3.902,0.096
75,0.075000,742284.795379,-1464429.923898,-722145.128519,7.161294e-05,-1133.633980,589.853973,587.275062,0.575,3.810,0.102
76,0.076000,742253.938051,-1464394.684530,-722140.746479,7.768060e-05,-1133.510180,589.566548,587.304043,0.601,3.942,0.124
77,0.077000,742222.552810,-1464359.053564,-722136.500755,8.355950e-05,-1133.400138,589.226367,587.283329,0.574,3.687,0.105
78,0.078000,742191.215052,-1464323.052148,-722131.837096,9.001710e-05,-1133.279668,588.937401,587.273816,0.578,3.629,0.118
79,0.079000,742159.374863,-1464286.712735,-722127.337872,9.624701e-05,-1133.135343,588.689137,587.246657,0.596,3.785,0.111
80,0.080000,742128.383035,-1464250.075621,-722121.692586,1.040638e-04,-1133.007762,588.474391,587.174323,0.572,3.643,0.097
81,0.081000,742097.991043,-1464213.186017,-722115.194973,1.130608e-04,-1132.897898,588.291185,587.104766,0.580,3.786,0.104
82,0.082000,742066.863837,-1464176.084501,-722109.220664,1.213333e-04,-1132.800553,588.154495,587.078424,1.151,4.150,0.099
83,0.083000,742035.032433,-1464138.805550,-722103.773117,1.288763e-04,-1132.750147,588.102925,587.066427,0.573,4.264,0.121
84,0.084000,742003.591885,-1464101.379030,-722097.787145,1.371648e-04,-1132.708760,588.095177,587.027672,0.711,4.373,0.115
85,0.085000,741972.978809,-1464063.817356,-722090.838547,1.467863e-04,-1132.662280,588.108910,586.959163,0.617,3.795,0.101
86,0.086000,741942.311664,-1464026.113530,-722083.801867,1.565298e-04,-1132.633183,588.138496,586.940860,1.361,3.860,0.107
87,0.087000,741911.392797,-1463988.245626,-722076.852829,1.661518e-04,-1132.649997,588.180364,587.007540,0.586,3.801,0.160
88,0.088000,741880.653874,-1463950.182360,-722069.528486,1.762936e-04,-1132.750032,588.282458,587.053435,0.604,3.718,0.134
89,0.089000,741849.689064,-1463911.879945,-722062.190881,1.864537e-04,-1132.912185,588.416775,587.086650,0.605,6.274,0.128
90,0.090000,741817.933332,-1463873.294000,-722055.360668,1.959113e-04,-1133.083376,588.521993,587.163053,0.723,4.192,0.138
91,0.091000,741786.000394,-1463834.378947,-722048.378552,2.055791e-04,-1133.233829,588.629782,587.271918,0.617,4.061,0.122
92,0.092000,741753.589439,-1463795.098917,-722041.509479,2.150905e-04,-1133.367105,588.724052,587.345804,0.813,3.772,0.223
93,0.093000,741719.184019,-1463755.423073,-722036.239054,2.223883e-04,-1133.471400,588.779655,587.354338,0.583,4.643,0.180
94,0.094000,741682.690062,-1463715.336067,-722032.646005,2.273634e-04,-1133.549245,588.855743,587.389114,0.605,4.241,0.109
95,0.095000,741646.175326,-1463674.833377,-722028.658051,2.328854e-04,-1133.619801,588.984508,587.469201,0.628,3.979,0.156
96,0.096000,741608.687208,-1463633.927546,-722025.240337,2.376178e-04,-1133.687717,589.138879,587.603401,0.600,3.874,0.134
97,0.097000,741569.773386,-1463592.636601,-722022.863215,2.409093e-04,-1133.801153,589.270144,587.782491,0.585,3.777,0.111
98,0.098000,741530.066631,-1463550.973012,-722020.906381,2.436189e-04,-1133.966131,589.393289,587.978300,0.653,3.873,0.140
99,0.099000,741489.664879,-1463508.950671,-722019.285792,2.458628e-04,-1134.133381,589.503552,588.234044,0.590,3.738,0.117
100,0.100000,741449.134144,-1463466.582113,-722017.447969,2.484076e-04,-1134.291602,589.588189,588.471917,0.584,3.669,0.105
101,0.101000,741407.178151,-1463423.874732,-722016.696581,2.494480e-04,-1134.439464,589.688108,588.651597,0.565,3.826,0.128
102,0.102000,741364.175131,-1463380.832473,-722016.657342,2.495024e-04,-1134.588493,589.777922,588.796677,0.583,3.705,0.099
103,0.103000,741321.874979,-1463337.468967,-722015.593987,2.509748e-04,-1134.741274,589.810176,588.919085,0.615,3.751,0.144
104,0.104000,741280.454215,-1463293.789732,-722013.335517,2.541020e-04,-1134.900434,589.843765,589.111216,0.603,3.650,0.112
105,0.105000,741239.423089,-1463249.808793,-722010.385704,2.581865e-04,-1135.094869,589.921196,589.338343,0.585,3.739,0.123
106,0.106000,741199.297180,-1463205.534641,-722006.237461,2.639304e-04,-1135.326928,590.013935,589.472171,0.587,3.804,0.110
107,0.107000,741160.141762,-1463160.981156,-722000.839395,2.714049e-04,-1135.551435,590.134440,589.562663,0.572,3.672,0.110
108,0.108000,741121.919685,-1463116.154904,-721994.235219,2.805495e-04,-1135.783786,590.242786,589.629187,0.595,3.728,0.131
109,0.109000,741084.135602,-1463071.059059,-721986.923457,2.906738e-04,-1136.052401,590.303589,589.660640,0.584,3.853,0.103
110,0.110000,741046.015083,-1463025.689173,-721979.674090,3.007117e-04,-1136.344241,590.380941,589.697389,0.606,3.855,0.165
111,0.111000,741007.394997,-1462980.033399,-721972.638402,3.104538e-04,-1136.641608,590.461303,589.760294,0.578,3.845,0.125
112,0.112000,740967.581519,-1462934.076257,-721966.494738,3.189607e-04,-1136.849914,590.520692,589.859159,0.588,4.385,0.119
113,0.113000,740927.409610,-1462887.811342,-721960.401732,3.273975e-04,-1137.012179,590.589536,589.944858,0.609,3.748,0.103
114,0.114000,740887.042147,-1462841.227801,-721954.185653,3.360047e-04,-1137.211413,590.663763,590.045197,0.612,3.787,0.112
115,0.115000,740846.092892,-1462794.329672,-721948.236780,3.442419e-04,-1137.396956,590.718864,590.169965,0.597,3.766,0.116
116,0.116000,740804.717235,-1462747.120480,-721942.403244,3.523193e-04,-1137.543109,590.743863,590.270108,0.592,3.639,0.105
117,0.117000,740762.524316,-1462699.608367,-721937.084052,3.596846e-04,-1137.646446,590.710613,590.339569,0.570,3.767,0.106
118,0.118000,740718.798551,-1462651.815579,-721933.017027,3.653161e-04,-1137.687280,590.623247,590.341679,0.574,3.767,0.108
119,0.119000,740673.065377,-1462603.761864,-721930.696487,3.685293e-04,-1137.697014,590.510426,590.308826,0.581,3.854,0.102
120,0.120000,740626.366272,-1462555.462036,-721929.095764,3.707457e-04,-1137.735880,590.394802,590.287660,0.596,3.853,0.132
121,0.121000,740579.991579,-1462506.919443,-721926.927864,3.737475e-04,-1137.800726,590.257368,590.293265,0.580,4.048,0.109
122,0.122000,740533.799421,-1462458.141426,-721924.342006,3.773281e-04,-1137.873941,590.101689,590.285393,0.598,3.744,0.136
123,0.123000,740487.466027,-1462409.132524,-721921.666496,3.810328e-04,-1137.969802,589.955872,590.242811,0.567,3.760,0.106
124,0.124000,740441.203433,-1462359.889777,-721918.686344,3.851593e-04,-1138.086096,589.829137,590.160667,0.596,3.738,0.113
125,0.125000,740394.634926,-1462310.400104,-721915.765178,3.892041e-04,-1138.195534,589.760297,590.005471,0.607,3.733,0.103
126,0.126000,740347.825280,-1462260.649077,-721912.823797,3.932769e-04,-1138.286239,589.734500,589.810646,0.588,3.696,0.116
127,0.127000,740301.194710,-1462210.617478,-721909.422768,3.979862e-04,-1138.317913,589.739722,589.600715,0.588,3.818,0.103
128,0.128000,740253.508172,-1462160.297616,-721906.789444,4.016325e-04,-1138.362101,589.826597,589.471390,0.584,3.782,0.107
129,0.129000,740205.002314,-1462109.679538,-721904.677224,4.045572e-04,-1138.439872,589.989220,589.428007,0.607,3.808,0.139
130,0.130000,740156.340546,-1462058.737938,-721902.397392,4.077140e-04,-1138.518779,590.189948,589.383687,0.589,3.685,0.105
131,0.131000,740106.550188,-1462007.454043,-721900.903856,4.097821e-04,-1138.608972,590.419806,589.344606,0.612,3.930,0.111
132,0.132000,740056.253687,-1461955.798060,-721899.544372,4.116645e-04,-1138.683190,590.657297,589.292020,0.629,3.902,0.099
133,0.133000,740006.077632,-1461903.729181,-721897.651549,4.142854e-04,-1138.720957,590.888404,589.206508,0.581,3.705,0.101
134,0.134000,739955.900124,-1461851.211873,-721895.311748,4.175252e-04,-1138.725266,591.116066,589.083612,0.622,3.695,0.106
135,0.135000,739904.965248,-1461798.208521,-721893.243273,4.203894e-04,-1138.736045,591.378712,588.914492,0.597,3.786,0.136
136,0.136000,739852.360424,-1461744.701688,-721892.341265,4.216384e-04,-1138.715415,591.649528,588.716170,0.589,3.843,0.116
137,0.137000,739798.856719,-1461690.681485,-721891.824766,4.223535e-04,-1138.621882,591.905519,588.535506,0.564,3.810,0.105
138,0.138000,739745.231426,-1461636.143250,-721890.911825,4.236177e-04,-1138.552577,592.193577,588.353838,0.626,3.725,0.117
139,0.139000,739690.882028,-1461581.093378,-721890.211349,4.245876e-04,-1138.576344,592.495712,588.118072,0.607,3.892,0.109
140,0.140000,739636.119195,-1461525.552418,-721889.433223,4.256650e-04,-1138.624224,592.795552,587.866532,0.578,3.777,0.105
141,0.141000,739581.543971,-1461469.543683,-721887.999713,4.276500e-04,-1138.705831,593.098406,587.646757,0.602,3.886,0.152
142,0.142000,739527.474781,-1461413.091617,-721885.616836,4.309494e-04,-1138.857940,593.420955,587.459089,0.599,3.730,0.135
143,0.143000,739474.375988,-1461356.229706,-721881.853718,4.361601e-04,-1139.014345,593.786611,587.291541,0.602,3.816,0.146
144,0.144000,739422.715408,-1461298.983802,-721876.268394,4.438939e-04,-1139.124210,594.214805,587.117003,0.582,3.976,0.103
145,0.145000,739372.145574,-1461241.383185,-721869.237611,4.536292e-04,-1139.252971,594.711543,586.961541,0.618,4.274,0.153
146,0.146000,739321.098942,-1461183.457801,-721862.358859,4.631539e-04,-1139.402724,595.221552,586.887310,0.575,3.761,0.090
147,0.147000,739269.067360,-1461125.233797,-721856.166437,4.717283e-04,-1139.507560,595.687963,586.890950,0.576,3.766,0.116
148,0.148000,739215.726571,-1461066.733137,-721851.006566,4.788730e-04,-1139.588042,596.145246,586.912968,0.593,3.781,0.129
149,0.149000,739161.261955,-1461007.971310,-721846.709355,4.848232e-04,-1139.727683,596.612800,586.966414,0.593,3.776,0.111
150,0.150000,739106.958888,-1460948.952894,-721841.994006,4.913524e-04,-1139.864311,597.043432,587.105169,0.592,3.777,0.120
151,0.151000,739053.036638,-1460889.674538,-721836.637900,4.987688e-04,-1139.923523,597.454353,587.323414,0.597,3.919,0.147
152,0.152000,738998.422406,-1460830.126754,-721831.704348,5.056001e-04,-1139.991004,597.874321,587.609404,0.583,3.801,0.107
153,0.153000,738943.154324,-1460770.309139,-721827.154815,5.118997e-04,-1140.093689,598.315657,587.935313,0.582,3.886,0.103
154,0.154000,738886.932163,-1460710.217027,-721823.284865,5.172583e-04,-1140.197782,598.731195,588.187434,0.602,3.759,0.188
155,0.155000,738829.836859,-1460649.848305,-721820.011445,5.217909e-04,-1140.295982,599.085394,588.339873,0.589,3.705,0.117
156,0.156000,738773.069944,-1460589.188711,-721816.118767,5.271809e-04,-1140.414403,599.445912,588.520725,0.602,3.839,0.121
157,0.157000,738716.421806,-1460528.227869,-721811.806063,5.331526e-04,-1140.484444,599.832183,588.729621,0.582,3.904,0.150
158,0.158000,738659.792887,-1460466.951719,-721807.158832,5.395874e-04,-1140.465491,600.188249,588.913227,0.604,3.750,0.087
159,0.159000,738602.011315,-1460405.353594,-721803.342279,5.448721e-04,-1140.404284,600.600164,589.118551,0.598,3.875,0.123
160,0.160000,738542.371066,-1460343.423999,-721801.052933,5.480420e-04,-1140.334187,601.098751,589.361731,0.594,3.861,0.125
161,0.161000,738481.305387,-1460281.149667,-721799.844280,5.497156e-04,-1140.299885,601.587244,589.609370,0.582,3.896,0.121
162,0.162000,738419.121236,-1460218.518604,-721799.397368,5.503344e-04,-1140.287494,602.022901,589.888739,0.586,3.743,0.097
163,0.163000,738355.752663,-1460155.509883,-721799.757219,5.498362e-04,-1140.258267,602.443242,590.180669,0.608,3.802,0.110
164,0.164000,738292.106573,-1460092.104222,-721799.997649,5.495032e-04,-1140.167398,602.846484,590.482387,0.580,3.773,0.106
165,0.165000,738228.431113,-1460028.282511,-721799.851398,5.497058e-04,-1140.009845,603.193408,590.736413,0.580,3.732,0.098
166,0.166000,738163.972983,-1459964.034484,-721800.061501,5.494148e-04,-1139.795891,603.524157,590.955304,0.598,3.917,0.130
167,0.167000,738098.619207,-1459899.358098,-721800.738891,5.484769e-04,-1139.522446,603.837140,591.220504,0.586,3.818,0.128
168,0.168000,738031.449293,-1459834.262360,-721802.813067,5.456048e-04,-1139.236900,604.126889,591.515285,0.586,3.660,0.118
169,0.169000,737962.352590,-1459768.769331,-721806.416741,5.406150e-04,-1138.988021,604.411326,591.809173,0.595,3.897,0.098
170,0.170000,737893.212961,-1459702.891787,-721809.678826,5.360981e-04,-1138.800041,604.695856,592.061462,0.577,3.751,0.092
171,0.171000,737824.733421,-1459636.646350,-721811.912929,5.330046e-04,-1138.662750,604.993369,592.289075,0.591,3.780,0.132
172,0.172000,737755.644404,-1459570.050256,-721814.405852,5.295527e-04,-1138.511537,605.333807,592.487637,0.572,3.747,0.106
173,0.173000,737686.983482,-1459503.114238,-721816.130756,5.271643e-04,-1138.325524,605.636843,592.685823,0.601,3.786,0.116
174,0.174000,737619.934303,-1459435.839261,-721815.904958,5.274770e-04,-1138.171081,605.879717,592.909443,0.585,3.819,0.132
175,0.175000,737553.190324,-1459368.222595,-721815.032271,5.286853e-04,-1138.014526,606.144873,593.180510,0.586,3.759,0.116
176,0.176000,737485.417443,-1459300.253589,-721814.836147,5.289569e-04,-1137.815894,606.417913,593.513808,0.615,3.788,0.121
177,0.177000,737417.616814,-1459231.932809,-721814.315995,5.296771e-04,-1137.613713,606.732319,593.873094,0.588,3.896,0.115
178,0.178000,737350.142793,-1459163.254542,-721813.111749,5.313446e-04,-1137.405507,607.097113,594.261433,0.601,3.729,0.151
179,0.179000,737282.515572,-1459094.202556,-721811.686984,5.333174e-04,-1137.188304,607.473304,594.674213,0.594,3.759,0.119
180,0.180000,737214.576017,-1459024.780642,-721810.204625,5.353700e-04,-1136.974337,607.818814,595.040474,0.617,3.764,0.106
181,0.181000,737146.641094,-1458954.994653,-721808.353559,5.379331e-04,-1136.761380,608.166933,595.345564,0.582,3.793,0.118
182,0.182000,737078.726466,-1458884.851285,-721806.124819,5.410192e-04,-1136.549783,608.547570,595.623328,0.592,3.787,0.116
183,0.183000,737010.123448,-1458814.367280,-721804.243832,5.436237e-04,-1136.358408,608.931960,595.871800,0.583,3.797,0.107
184,0.184000,736940.751137,-1458743.557377,-721802.806240,5.456143e-04,-1136.161312,609.308614,596.054660,0.585,3.817,0.144
185,0.185000,736871.348570,-1458672.438337,-721801.089767,5.479910e-04,-1135.942960,609.674435,596.183578,0.592,3.723,0.125
186,0.186000,736803.554361,-1458601.037120,-721797.482759,5.529855e-04,-1135.775252,610.043479,596.303950,0.593,3.968,0.117
187,0.187000,736736.046220,-1458529.370762,-721793.324543,5.587433e-04,-1135.693156,610.384248,596.440062,0.613,3.815,0.104
188,0.188000,736667.326073,-1458457.456063,-721790.129990,5.631666e-04,-1135.644528,610.741334,596.639815,0.600,3.854,0.101
189,0.189000,736598.031366,-1458385.305222,-721787.273856,5.671214e-04,-1135.590664,611.116922,596.925151,0.597,3.746,0.105
190,0.190000,736529.012378,-1458312.921822,-721783.909444,5.717800e-04,-1135.500965,611.458535,597.257698,0.601,3.816,0.124
191,0.191000,736460.042592,-1458240.304309,-721780.261717,5.768309e-04,-1135.362653,611.722214,597.577056,0.587,3.791,0.112
192,0.192000,736390.797303,-1458167.452816,-721776.655513,5.818243e-04,-1135.260374,611.920979,597.915183,0.614,3.903,0.111
193,0.193000,736319.746353,-1458094.353733,-721774.607380,5.846602e-04,-1135.261631,612.123720,598.303381,0.582,3.719,0.096
194,0.194000,736246.123124,-1458020.993575,-721774.870452,5.842960e-04,-1135.291401,612.318798,598.687540,0.592,3.823,0.100
195,0.195000,736171.895784,-1457947.346893,-721775.451109,5.834920e-04,-1135.302930,612.506031,599.060462,0.591,3.833,0.121
196,0.196000,736097.239127,-1457873.386297,-721776.147170,5.825281e-04,-1135.358242,612.729629,599.437960,0.580,3.735,0.111
197,0.197000,736022.184122,-1457799.075302,-721776.891180,5.814979e-04,-1135.434641,612.971414,599.835122,0.632,3.747,0.109
198,0.198000,735946.938031,-1457724.370727,-721777.432696,5.807481e-04,-1135.527856,613.183033,600.283930,0.592,3.779,0.148
199,0.199000,735871.660363,-1457649.231878,-721777.571515,5.805559e-04,-1135.625596,613.350390,600.791551,0.586,3.667,0.120
200,0.200000,735795.595958,-1457573.605467,-721778.009509,5.799494e-04,-1135.708315,613.480780,601.345881,0.589,3.824,0.102
201,0.201000,735718.457281,-1457497.447464,-721778.990183,5.785915e-04,-1135.800664,613.616101,601.956816,0.577,3.726,0.113
202,0.202000,735640.572695,-1457420.710942,-721780.138247,5.770018e-04,-1135.827870,613.763057,602.593141,0.589,4.347,0.097
203,0.203000,735561.796699,-1457343.367962,-721781.571263,5.750176e-04,-1135.834559,613.907753,603.214278,0.571,3.881,0.087
204,0.204000,735482.152740,-1457265.403172,-721783.250432,5.726925e-04,-1135.871977,614.059987,603.831128,0.598,3.792,0.106
205,0.205000,735401.831900,-1457186.819010,-721784.987110,5.702878e-04,-1135.929785,614.202425,604.443755,0.595,3.722,0.116
206,0.206000,735321.025086,-1457107.634980,-721786.609893,5.680408e-04,-1136.042793,614.311389,605.086790,0.581,3.798,0.093
207,0.207000,735239.654834,-1457027.882837,-721788.228003,5.658003e-04,-1136.225865,614.377325,605.771940,0.586,3.821,0.130
208,0.208000,735158.536782,-1456947.597785,-721789.061003,5.646468e-04,-1136.430830,614.432768,606.463272,0.603,4.013,0.168
209,0.209000,735077.171644,-1456866.825398,-721789.653754,5.638261e-04,-1136.620697,614.506367,607.172024,0.579,3.692,0.113
210,0.210000,734995.049568,-1456785.614532,-721790.564964,5.625643e-04,-1136.846026,614.552537,607.856720,0.590,3.813,0.123
211,0.211000,734913.420289,-1456704.017970,-721790.597681,5.625190e-04,-1137.136511,614.590236,608.471690,0.578,3.735,0.115
212,0.212000,734832.059858,-1456622.089570,-721790.029712,5.633055e-04,-1137.464511,614.640690,609.059717,0.591,3.801,0.111
213,0.213000,734749.429263,-1456539.891159,-721790.461896,5.627071e-04,-1137.795352,614.666019,609.643674,0.583,3.735,0.122
214,0.214000,734665.855333,-1456457.492525,-721791.637191,5.610797e-04,-1138.143389,614.682019,610.244758,0.592,3.952,0.174
215,0.215000,734582.021783,-1456374.966941,-721792.945158,5.592686e-04,-1138.458109,614.662149,610.870743,0.606,3.897,0.195
216,0.216000,734498.926622,-1456292.372748,-721793.446126,5.585749e-04,-1138.740262,614.603021,611.506728,0.579,3.902,0.107
217,0.217000,734416.285695,-1456209.763484,-721793.477789,5.585311e-04,-1138.984751,614.583174,612.141824,0.600,3.803,0.122
218,0.218000,734333.720207,-1456127.186000,-721793.465793,5.585477e-04,-1139.168995,614.602596,612.820749,0.600,3.769,0.116
219,0.219000,734251.409042,-1456044.666611,-721793.257568,5.588360e-04,-1139.373512,614.606561,613.536780,0.596,3.874,0.123
220,0.220000,734169.027462,-1455962.223457,-721793.195996,5.589213e-04,-1139.585291,614.614584,614.248498,0.560,3.724,0.097
221,0.221000,734086.901373,-1455879.850235,-721792.948862,5.592634e-04,-1139.796413,614.593848,614.956847,0.574,3.703,0.106
222,0.222000,734004.779976,-1455797.540244,-721792.760268,5.595246e-04,-1140.026620,614.549090,615.614854,0.605,3.720,0.126
223,0.223000,733923.475658,-1455715.284135,-721791.808477,5.608425e-04,-1140.257758,614.491571,616.217647,0.576,3.788,0.097
224,0.224000,733842.782283,-1455633.064966,-721790.282683,5.629552e-04,-1140.505507,614.414825,616.831828,0.619,3.899,0.135
225,0.225000,733762.484706,-1455550.872959,-721788.388254,5.655784e-04,-1140.759103,614.352318,617.483867,0.581,3.766,0.134
226,0.226000,733682.991135,-1455468.690321,-721785.699186,5.693018e-04,-1141.006068,614.268355,618.145154,0.599,3.724,0.098
227,0.227000,733603.320032,-1455386.518876,-721783.198844,5.727639e-04,-1141.236207,614.128147,618.834660,0.585,3.781,0.116
228,0.228000,733522.231756,-1455304.354862,-721782.123105,5.742535e-04,-1141.475019,613.987268,619.543764,0.595,3.732,0.098
229,0.229000,733440.046570,-1455222.189392,-721782.142822,5.742262e-04,-1141.761298,613.852860,620.198460,0.593,3.793,0.119
230,0.230000,733357.864548,-1455140.023631,-721782.159084,5.742037e-04,-1142.096359,613.697439,620.836373,0.579,3.807,0.122
231,0.231000,733276.464145,-1455057.851789,-721781.387644,5.752719e-04,-1142.406030,613.530574,621.508138,0.577,3.831,0.089
232,0.232000,733194.875152,-1454975.648855,-721780.773703,5.761220e-04,-1142.656306,613.364660,622.175750,0.577,3.823,0.108
233,0.233000,733112.615243,-1454893.380254,-721780.765011,5.761340e-04,-1142.907599,613.209686,622.860474,0.577,3.853,0.091
234,0.234000,733031.408689,-1454811.000740,-721779.592051,5.777581e-04,-1143.181266,613.065593,623.540579,0.580,3.754,0.113
235,0.235000,732949.990436,-1454728.448511,-721778.458075,5.793283e-04,-1143.509407,612.944179,624.203389,0.596,3.689,0.096
236,0.236000,732867.690306,-1454645.655813,-721777.965507,5.800104e-04,-1143.877486,612.788475,624.851423,0.592,3.717,0.106
237,0.237000,732784.934015,-1454562.564822,-721777.630806,5.804738e-04,-1144.233680,612.626637,625.457277,0.575,3.795,0.098
238,0.238000,732702.027221,-1454479.129578,-721777.102358,5.812055e-04,-1144.580800,612.493134,626.000326,0.587,3.752,0.141
239,0.239000,732619.574646,-1454395.295552,-721775.720907,5.831184e-04,-1144.939755,612.361852,626.517353,0.580,3.743,0.122
240,0.240000,732537.566710,-1454311.026284,-721773.459574,5.862496e-04,-1145.350113,612.235951,627.080912,0.608,3.740,0.107
241,0.241000,732456.351239,-1454226.288074,-721769.936835,5.911274e-04,-1145.806128,612.140283,627.679988,0.644,3.827,0.157
242,0.242000,732375.273058,-1454141.068902,-721765.795844,5.968613e-04,-1146.263352,612.046711,628.285853,0.587,3.730,0.111
243,0.243000,732293.902622,-1454055.372818,-721761.470196,6.028508e-04,-1146.711130,611.903752,628.831420,0.587,3.908,0.107
244,0.244000,732212.534181,-1453969.208868,-721756.674688,6.094910e-04,-1147.141779,611.790398,629.328956,0.585,3.740,0.108
245,0.245000,732130.387811,-1453882.597802,-721752.209991,6.156731e-04,-1147.507823,611.716875,629.844619,0.598,3.861,0.127
246,0.246000,732047.309280,-1453795.554601,-721748.245321,6.211628e-04,-1147.816285,611.657162,630.387195,0.601,3.818,0.106
247,0.247000,731964.068943,-1453708.110889,-721744.041946,6.269831e-04,-1148.141784,611.575175,630.949663,0.669,3.809,0.147
248,0.248000,731879.893510,-1453620.297744,-721740.404234,6.320201e-04,-1148.495059,611.477028,631.535372,0.578,3.885,0.110
249,0.249000,731794.196603,-1453532.163460,-721737.966857,6.353951e-04,-1148.812593,611.401290,632.102878,0.591,3.863,0.101
250,0.250000,731707.347550,-1453443.742441,-721736.394891,6.375717e-04,-1149.103405,611.304979,632.637662,0.850,3.870,0.104
251,0.251000,731618.449267,-1453355.079536,-721736.630270,6.372458e-04,-1149.415558,611.194689,633.174618,0.642,4.046,0.130
252,0.252000,731528.400800,-1453266.203100,-721737.802300,6.356229e-04,-1149.713384,611.083946,633.639120,0.596,3.783,0.104
253,0.253000,731438.752980,-1453177.137669,-721738.384689,6.348165e-04,-1149.972667,610.945192,634.034524,0.579,3.797,0.108
254,0.254000,731349.750213,-1453087.892432,-721738.142218,6.351522e-04,-1150.193944,610.739302,634.426622,0.592,3.861,0.104
255,0.255000,731260.998804,-1452998.465058,-721737.466253,6.360882e-04,-1150.393779,610.507489,634.811254,0.590,3.837,0.096
256,0.256000,731172.474742,-1452908.833914,-721736.359172,6.376212e-04,-1150.578038,610.333666,635.238222,0.593,3.785,0.140
257,0.257000,731083.417967,-1452818.960383,-721735.542417,6.387521e-04,-1150.758656,610.284067,635.731244,0.581,3.860,0.118
258,0.258000,730992.628513,-1452728.801105,-721736.172592,6.378795e-04,-1150.923916,610.324580,636.190868,0.588,3.807,0.151
259,0.259000,730901.111755,-1452638.311518,-721737.199763,6.364572e-04,-1151.072702,610.372662,636.590337,0.576,3.757,0.133
260,0.260000,730809.501925,-1452547.449302,-721737.947377,6.354220e-04,-1151.206681,610.418076,636.951264,0.608,3.901,0.122
261,0.261000,730718.701856,-1452456.172562,-721737.470706,6.360821e-04,-1151.320409,610.428011,637.307329,0.586,3.874,0.102
262,0.262000,730628.309060,-1452364.461681,-721736.152621,6.379072e-04,-1151.440039,610.410373,637.688936,0.590,3.777,0.119
263,0.263000,730538.202062,-1452272.304774,-721734.102712,6.407456e-04,-1151.542346,610.446561,638.056700,0.584,3.886,0.112
264,0.264000,730448.411653,-1452179.705006,-721731.293352,6.446356e-04,-1151.631432,610.524824,638.435774,0.596,3.748,0.106
265,0.265000,730357.467495,-1452086.682581,-721729.215086,6.475133e-04,-1151.721768,610.614577,638.820191,0.603,3.735,0.116
266,0.266000,730265.953462,-1451993.282855,-721727.329393,6.501244e-04,-1151.749047,610.699500,639.247052,0.584,3.940,0.116
267,0.267000,730174.271116,-1451899.562658,-721725.291542,6.529461e-04,-1151.755465,610.771590,639.730948,0.593,3.949,0.237
268,0.268000,730081.449843,-1451805.585854,-721724.136011,6.545461e-04,-1151.785003,610.850556,640.187526,0.596,3.826,0.087
269,0.269000,729987.707558,-1451711.426589,-721723.719031,6.551235e-04,-1151.806103,610.919549,640.586949,0.585,3.739,0.111
270,0.270000,729893.012419,-1451617.148995,-721724.136577,6.545453e-04,-1151.820325,610.966829,640.940740,0.634,3.879,0.119
271,0.271000,729797.315722,-1451522.816371,-721725.500649,6.526566e-04,-1151.876158,611.027248,641.311343,0.583,3.878,0.097
272,0.272000,729701.959490,-1451428.484617,-721726.525127,6.512380e-04,-1151.961227,611.112202,641.654003,0.571,3.830,0.092
273,0.273000,729605.992544,-1451334.192357,-721728.199813,6.489191e-04,-1152.007262,611.200584,641.903134,0.583,3.851,0.113
274,0.274000,729508.783582,-1451239.959809,-721731.176227,6.447978e-04,-1152.039691,611.322965,642.115334,0.577,3.695,0.104
275,0.275000,729411.751544,-1451145.812980,-721734.061436,6.408027e-04,-1152.084948,611.499316,642.342238,0.589,3.756,0.126
276,0.276000,729314.491920,-1451051.757621,-721737.265701,6.363659e-04,-1152.123291,611.705217,642.606020,0.581,3.747,0.106
277,0.277000,729217.340575,-1450957.791136,-721740.450561,6.319560e-04,-1152.141134,611.942756,642.891308,0.587,3.780,0.116
278,0.278000,729120.692624,-1450863.903590,-721743.210966,6.281337e-04,-1152.156102,612.182283,643.213454,0.605,3.835,0.178
279,0.279000,729023.610678,-1450770.086173,-721746.475494,6.236134e-04,-1152.180528,612.407624,643.568587,0.576,3.835,0.247
280,0.280000,728926.438581,-1450676.320600,-721749.882018,6.188966e-04,-1152.182352,612.636312,643.923329,0.628,3.848,0.118
281,0.281000,728830.457930,-1450582.587048,-721752.129118,6.157851e-04,-1152.163015,612.835651,644.334919,0.572,3.749,0.117
282,0.282000,728735.779490,-1450488.860264,-721753.080774,6.144674e-04,-1152.182837,612.978445,644.812671,0.590,3.822,0.116
283,0.283000,728640.999074,-1450395.115902,-721754.116828,6.130328e-04,-1152.228963,613.106981,645.267845,0.614,3.857,0.195
284,0.284000,728545.465751,-1450301.323032,-721755.857281,6.106228e-04,-1152.268202,613.199125,645.706851,0.669,3.670,0.102
285,0.285000,728450.362017,-1450207.454786,-721757.092769,6.089121e-04,-1152.294208,613.241994,646.135710,0.596,3.823,0.115
286,0.286000,728356.127932,-1450113.482387,-721757.354455,6.085497e-04,-1152.330406,613.272307,646.550712,0.583,3.683,0.092
287,0.287000,728261.812699,-1450019.389749,-721757.577049,6.082415e-04,-1152.321117,613.310794,646.965399,0.580,3.751,0.112
288,0.288000,728166.361594,-1449925.155077,-721758.793482,6.065572e-04,-1152.243187,613.380114,647.373242,0.607,3.842,0.156
289,0.289000,728070.173625,-1449830.776454,-721760.602829,6.040518e-04,-1152.129325,613.503726,647.778954,0.575,3.744,0.109
290,0.290000,727974.251325,-1449736.230824,-721761.979499,6.021456e-04,-1151.940421,613.667061,648.177428,0.582,3.911,0.122
291,0.291000,727878.296065,-1449641.492683,-721763.196618,6.004603e-04,-1151.689350,613.786271,648.561422,0.596,3.756,0.138
292,0.292000,727781.774194,-1449546.541945,-721764.767751,5.982848e-04,-1151.459965,613.871650,648.915752,0.607,3.784,0.104
293,0.293000,727684.971078,-1449451.356574,-721766.385497,5.960448e-04,-1151.320017,613.947329,649.296764,0.590,3.875,0.101
294,0.294000,727588.694834,-1449355.930253,-721767.235419,5.948679e-04,-1151.198179,613.978963,649.691838,0.554,3.860,0.104
295,0.295000,727492.775984,-1449260.276550,-721767.500566,5.945008e-04,-1151.064359,613.983599,650.085995,0.581,3.918,0.109
296,0.296000,727396.848283,-1449164.421921,-721767.573638,5.943996e-04,-1150.902395,614.033442,650.450161,0.588,3.679,0.097
297,0.297000,727301.516032,-1449068.409219,-721766.893187,5.953418e-04,-1150.698731,614.176382,650.776889,0.583,3.729,0.117
298,0.298000,727206.625714,-1448972.274982,-721765.649268,5.970642e-04,-1150.463761,614.378330,651.117180,0.582,3.769,0.126
299,0.299000,727111.068108,-1448876.080857,-721765.012749,5.979456e-04,-1150.230151,614.555792,651.464719,0.578,3.868,0.103
300,0.300000,727014.941607,-1448779.893133,-721764.951526,5.980304e-04,-1150.030587,614.715695,651.848339,0.582,3.738,0.127
301,0.301000,726919.204569,-1448683.772414,-721764.567845,5.985616e-04,-1149.790320,614.916449,652.251194,0.574,3.813,0.112
302,0.302000,726823.238997,-1448587.778404,-721764.539407,5.986010e-04,-1149.521027,615.089174,652.654287,0.600,3.986,0.130
303,0.303000,726727.172526,-1448491.965634,-721764.793108,5.982497e-04,-1149.264027,615.244248,653.049211,0.592,3.759,0.108
304,0.304000,726631.278568,-1448396.388255,-721765.109686,5.978114e-04,-1149.051063,615.418771,653.393796,0.575,3.770,0.116
305,0.305000,726533.657044,-1448301.085335,-721767.428292,5.946009e-04,-1148.900669,615.614775,653.683577,0.638,3.807,0.131
306,0.306000,726434.748718,-1448206.094044,-721771.345326,5.891771e-04,-1148.811613,615.860607,653.988292,0.580,3.742,0.111
307,0.307000,726336.445942,-1448111.436150,-721774.990207,5.841302e-04,-1148.755141,616.120963,654.334376,0.623,3.756,0.121
308,0.308000,726239.471899,-1448017.134076,-721777.662178,5.804304e-04,-1148.724867,616.427414,654.688781,0.600,3.809,0.117
309,0.309000,726143.954140,-1447923.187501,-721779.233360,5.782548e-04,-1148.710839,616.803656,655.066173,0.582,3.860,0.183
310,0.310000,726049.433322,-1447829.570704,-721780.137382,5.770030e-04,-1148.671572,617.174501,655.450750,0.593,3.852,0.133
311,0.311000,725955.915827,-1447736.238840,-721780.323014,5.767460e-04,-1148.630321,617.497016,655.811150,0.578,3.778,0.119
312,0.312000,725863.427517,-1447643.140346,-721779.712829,5.775909e-04,-1148.570020,617.814692,656.163611,0.629,3.832,0.124
313,0.313000,725772.180466,-1447550.218528,-721778.038062,5.799099e-04,-1148.504859,618.127839,656.522321,0.578,3.712,0.098
314,0.314000,725681.481345,-1447457.414946,-721775.933600,5.828239e-04,-1148.458169,618.429514,656.839525,0.578,3.964,0.099
315,0.315000,725590.779186,-1447364.685080,-721773.905894,5.856316e-04,-1148.380024,618.768880,657.103239,0.580,3.832,0.124
316,0.316000,725500.672072,-1447271.997641,-721771.325569,5.892044e-04,-1148.265076,619.140284,657.343895,0.573,3.781,0.096
317,0.317000,725410.671094,-1447179.340376,-721768.669283,5.928825e-04,-1148.138740,619.528779,657.530230,0.583,3.712,0.107
318,0.318000,725320.299964,-1447086.712335,-721766.412371,5.960076e-04,-1148.010617,619.917299,657.661378,0.586,3.740,0.113
319,0.319000,725228.737405,-1446994.134019,-721765.396614,5.974141e-04,-1147.918209,620.288233,657.798323,0.583,3.806,0.096
320,0.320000,725135.907276,-1446901.632653,-721765.725378,5.969588e-04,-1147.848382,620.684496,657.988742,0.579,3.766,0.114
321,0.321000,725043.293015,-1446809.244223,-721765.951208,5.966461e-04,-1147.780932,621.098564,658.159364,0.583,3.751,0.137
322,0.322000,724950.547789,-1446717.009354,-721766.461565,5.959395e-04,-1147.684053,621.501025,658.299493,0.576,4.113,0.130
323,0.323000,724856.967461,-1446624.965929,-721767.998468,5.938114e-04,-1147.608850,621.905359,658.421161,0.573,3.758,0.101
324,0.324000,724763.190931,-1446533.153636,-721769.962705,5.910916e-04,-1147.605241,622.307910,658.489148,0.598,3.736,0.106
325,0.325000,724669.676267,-1446441.609669,-721771.933403,5.883628e-04,-1147.613523,622.758871,658.564424,0.604,3.816,0.168
326,0.326000,724577.630776,-1446350.373509,-721772.742733,5.872421e-04,-1147.658847,623.255005,658.639053,0.597,3.850,0.113
327,0.327000,724487.392231,-1446259.490711,-721772.098480,5.881342e-04,-1147.740714,623.720508,658.718061,0.587,3.828,0.104
328,0.328000,724397.545629,-1446169.001000,-721771.455371,5.890247e-04,-1147.841708,624.160213,658.835650,0.572,3.790,0.094
329,0.329000,724307.832518,-1446078.948620,-721771.116102,5.894945e-04,-1147.958950,624.602777,658.979621,0.585,3.837,0.114
330,0.330000,724219.048129,-1445989.391302,-721770.343173,5.905647e-04,-1148.088360,625.059714,659.172804,0.637,3.645,0.116
331,0.331000,724131.020469,-1445900.367627,-721769.347158,5.919439e-04,-1148.211132,625.510722,659.381833,0.639,3.968,0.156
332,0.332000,724042.836226,-1445811.915714,-721769.079488,5.923145e-04,-1148.304990,625.956133,659.503622,0.578,3.941,0.112
333,0.333000,723955.216401,-1445724.063548,-721768.847146,5.926362e-04,-1148.408783,626.405140,659.596641,0.588,3.820,0.151
334,0.334000,723868.353321,-1445636.827243,-721768.473923,5.931530e-04,-1148.561174,626.831651,659.712619,0.579,3.821,0.118
335,0.335000,723781.429199,-1445550.203063,-721768.773863,5.927377e-04,-1148.721457,627.232097,659.780839,0.584,3.698,0.104
336,0.336000,723694.684543,-1445464.180072,-721769.495528,5.917384e-04,-1148.839806,627.642754,659.860179,0.602,4.164,0.094
337,0.337000,723609.000838,-1445378.734561,-721769.733723,5.914086e-04,-1148.930291,628.102553,660.011487,0.586,3.673,0.100
338,0.338000,723524.742807,-1445293.827816,-721769.085010,5.923069e-04,-1148.999004,628.603647,660.217988,0.596,4.011,0.141
339,0.339000,723441.083972,-1445209.406447,-721768.322475,5.933627e-04,-1149.047951,629.076841,660.473072,0.605,3.849,0.117
340,0.340000,723357.999601,-1445125.413576,-721767.413975,5.946207e-04,-1149.080902,629.507986,660.736114,0.579,3.769,0.100
341,0.341000,723276.220702,-1445041.785920,-721765.565217,5.971806e-04,-1149.145404,629.878344,660.938706,0.589,3.794,0.128
342,0.342000,723195.719040,-1444958.456095,-721762.737055,6.010967e-04,-1149.253536,630.183732,661.125612,0.578,3.776,0.100
343,0.343000,723116.241442,-1444875.361206,-721759.119764,6.061054e-04,-1149.370963,630.525470,661.322856,0.602,3.872,0.123
344,0.344000,723036.362733,-1444792.448814,-721756.086081,6.103060e-04,-1149.498839,630.904522,661.527380,0.587,4.019,0.108
345,0.345000,722956.418375,-1444709.665313,-721753.246938,6.142373e-04,-1149.615957,631.215103,661.717969,0.572,4.001,0.094
346,0.346000,722877.093247,-1444626.963443,-721749.870195,6.189129e-04,-1149.778046,631.446006,661.910003,0.747,4.173,0.113
347,0.347000,722797.362488,-1444544.313242,-721746.950754,6.229554e-04,-1149.968339,631.696452,662.147463,0.590,4.369,0.119
348,0.348000,722718.425545,-1444461.688141,-721743.262596,6.280622e-04,-1150.133545,632.033925,662.374074,0.750,4.749,0.196
349,0.349000,722640.593832,-1444379.067408,-721738.473577,6.346934e-04,-1150.288496,632.413263,662.620507,0.575,3.884,0.127
350,0.350000,722563.331346,-1444296.439928,-721733.108582,6.421221e-04,-1150.399889,632.778596,662.893415,0.588,3.884,0.115
351,0.351000,722486.400603,-1444213.790977,-721727.390374,6.500399e-04,-1150.487506,633.161340,663.133204,0.587,3.853,0.139
352,0.352000,722409.544761,-1444131.108889,-721721.564128,6.581073e-04,-1150.550911,633.574837,663.374117,0.598,3.821,0.092
353,0.353000,722333.162310,-1444048.381902,-721715.219592,6.668924e-04,-1150.579095,633.989586,663.669310,0.599,3.818,0.127
354,0.354000,722257.230962,-1443965.603692,-721708.372730,6.763730e-04,-1150.591364,634.390100,663.951485,0.603,3.740,0.100
355,0.355000,722181.525482,-1443882.778044,-721701.252562,6.862320e-04,-1150.584843,634.759345,664.184099,0.576,3.737,0.214
356,0.356000,722105.286744,-1443799.908694,-721694.621950,6.954132e-04,-1150.607275,635.045698,664.399852,0.617,3.762,0.107
357,0.357000,722028.601662,-1443717.006991,-721688.405329,7.040211e-04,-1150.689443,635.294522,664.622950,0.585,3.969,0.135
358,0.358000,721952.646810,-1443634.083131,-721681.436322,7.136709e-04,-1150.801255,635.560837,664.850090,0.615,3.750,0.127
359,0.359000,721876.840898,-1443551.137377,-721674.296478,7.235571e-04,-1150.900733,635.810078,665.029580,0.577,3.753,0.119
360,0.360000,721800.521038,-1443468.177462,-721667.656423,7.327514e-04,-1150.973290,636.040160,665.163158,0.592,3.867,0.130
361,0.361000,721724.193899,-1443385.204588,-721661.010690,7.419535e-04,-1151.014014,636.241872,665.308133,0.570,3.685,0.091
362,0.362000,721648.899771,-1443302.226769,-721653.326997,7.525928e-04,-1151.053512,636.444380,665.475588,0.632,3.767,0.104
363,0.363000,721574.334472,-1443219.249469,-721644.914997,7.642406e-04,-1151.119426,636.582987,665.670705,0.579,3.684,0.110
364,0.364000,721499.277953,-1443136.278359,-721637.000406,7.751997e-04,-1151.200908,636.639959,665.841890,0.608,3.792,0.111
365,0.365000,721423.507925,-1443053.323676,-721629.815751,7.851480e-04,-1151.305000,636.727587,665.963267,0.580,3.723,0.102
366,0.366000,721347.777992,-1442970.385764,-721622.607772,7.951286e-04,-1151.430948,636.820329,666.083438,0.580,3.710,0.123
367,0.367000,721272.705179,-1442887.463873,-721614.758694,8.059970e-04,-1151.584088,636.901005,666.182788,0.591,3.867,0.133
368,0.368000,721198.212364,-1442804.565143,-721606.352780,8.176363e-04,-1151.779414,637.030805,666.292668,0.588,3.734,0.097
369,0.369000,721123.458320,-1442721.703091,-721598.244771,8.288632e-04,-1151.991777,637.183788,666.430337,0.591,3.747,0.137
370,0.370000,721047.985250,-1442638.896427,-721590.911177,8.390178e-04,-1152.194737,637.337915,666.557070,0.589,3.880,0.109
371,0.371000,720972.347961,-1442556.167788,-721583.819827,8.488369e-04,-1152.383730,637.514083,666.722999,0.589,4.160,0.116
372,0.372000,720895.469807,-1442473.556138,-721578.086331,8.567759e-04,-1152.558445,637.680441,666.940130,0.559,3.685,0.105
373,0.373000,720817.774925,-1442391.095071,-721573.320146,8.633754e-04,-1152.706819,637.817482,667.112189,0.573,3.742,0.111
374,0.374000,720740.201186,-1442308.818820,-721568.617635,8.698868e-04,-1152.791567,637.914172,667.224558,0.579,3.800,0.123
375,0.375000,720662.195142,-1442226.764004,-721564.568862,8.754930e-04,-1152.835064,637.983888,667.316125,0.598,3.821,0.119
376,0.376000,720583.426899,-1442144.971395,-721561.544496,8.796808e-04,-1152.884069,638.072949,667.405446,0.593,3.745,0.120
377,0.377000,720503.317932,-1442063.474586,-721560.156654,8.816024e-04,-1152.947274,638.188710,667.548487,0.589,3.878,0.113
378,0.378000,720422.609823,-1441982.294573,-721559.684750,8.822559e-04,-1153.036396,638.355309,667.791673,0.605,5.961,0.114
379,0.379000,720342.322735,-1441901.448546,-721559.125812,8.830298e-04,-1153.171683,638.533812,668.088565,1.181,6.396,0.149
380,0.380000,720262.277259,-1441820.939559,-721558.662300,8.836716e-04,-1153.300013,638.702717,668.381167,0.585,4.527,0.156
381,0.381000,720182.057977,-1441740.771484,-721558.713507,8.836007e-04,-1153.468586,638.920508,668.656184,0.592,5.162,0.135
382,0.382000,720102.325442,-1441660.928148,-721558.602705,8.837541e-04,-1153.662707,639.200292,668.930325,0.576,3.730,0.107
383,0.383000,720022.890037,-1441581.385493,-721558.495456,8.839026e-04,-1153.804938,639.504198,669.185427,0.576,3.658,0.144
384,0.384000,719943.210155,-1441502.121525,-721558.911370,8.833267e-04,-1153.927360,639.791949,669.391448,0.583,3.784,0.119
385,0.385000,719863.514091,-1441423.117217,-721559.603126,8.823689e-04,-1154.028804,640.053742,669.588126,0.620,3.928,0.130
386,0.386000,719783.517967,-1441344.364226,-721560.846259,8.806476e-04,-1154.093732,640.274172,669.786984,0.588,3.856,0.121
387,0.387000,719702.806207,-1441265.865383,-721563.059176,8.775834e-04,-1154.138363,640.486813,670.000369,0.581,3.721,0.112
388,0.388000,719621.849077,-1441187.626512,-721565.777435,8.738196e-04,-1154.184974,640.724093,670.236365,0.575,4.332,0.102
389,0.389000,719540.732000,-1441109.653939,-721568.921939,8.694655e-04,-1154.241279,640.973864,670.442318,0.614,3.772,0.132
390,0.390000,719459.803640,-1441031.948990,-721572.145350,8.650021e-04,-1154.331121,641.205786,670.649603,0.593,4.392,0.167
391,0.391000,719379.028560,-1440954.503782,-721575.475222,8.603914e-04,-1154.423319,641.426954,670.836153,0.630,3.838,0.131
392,0.392000,719298.621198,-1440877.302172,-721578.680974,8.559525e-04,-1154.518636,641.650803,671.000932,0.580,3.710,0.101
393,0.393000,719219.185568,-1440800.312784,-721581.127216,8.525653e-04,-1154.572784,641.854461,671.232940,0.577,3.855,0.133
394,0.394000,719140.285627,-1440723.501792,-721583.216165,8.496728e-04,-1154.574424,642.054903,671.504271,0.605,3.719,0.104
395,0.395000,719061.669055,-1440646.835492,-721585.166437,8.469723e-04,-1154.607059,642.248782,671.761292,0.620,3.681,0.129
396,0.396000,718983.339781,-1440570.288147,-721586.948366,8.445049e-04,-1154.644687,642.431205,672.035265,0.587,3.936,0.202
397,0.397000,718905.247853,-1440493.851214,-721588.603361,8.422133e-04,-1154.622140,642.637019,672.312707,0.597,3.673,0.113
398,0.398000,718827.004220,-1440417.525514,-721590.521294,8.395576e-04,-1154.617592,642.879197,672.588702,0.583,3.856,0.104
399,0.399000,718749.416742,-1440341.326920,-721591.910178,8.376345e-04,-1154.633755,643.144936,672.897119,0.585,3.767,0.112
400,0.400000,718672.308729,-1440265.275874,-721592.967146,8.361709e-04,-1154.602581,643.457793,673.217266,0.583,3.736,0.130
401,0.401000,718595.271933,-1440189.398739,-721594.126806,8.345652e-04,-1154.586681,643.837888,673.545043,0.591,3.704,0.115
402,0.402000,718518.758938,-1440113.718103,-721594.959165,8.334127e-04,-1154.647785,644.241838,673.864239,0.584,3.727,0.300
403,0.403000,718442.956710,-1440038.265896,-721595.309186,8.329280e-04,-1154.731682,644.600080,674.197766,0.595,3.775,0.156
404,0.404000,718367.239662,-1439963.066609,-721595.826947,8.322111e-04,-1154.786238,644.915205,674.552054,0.602,3.740,0.167
405,0.405000,718291.030317,-1439888.145777,-721597.115460,8.304269e-04,-1154.860881,645.276620,674.921898,0.620,3.848,0.112
406,0.406000,718215.361939,-1439813.518055,-721598.156116,8.289860e-04,-1154.957812,645.686293,675.312520,0.598,3.774,0.118
407,0.407000,718140.864273,-1439739.197713,-721598.333440,8.287404e-04,-1155.025015,646.116712,675.705725,0.578,3.728,0.100
408,0.408000,718067.504120,-1439665.177647,-721597.673527,8.296542e-04,-1155.048670,646.605294,676.078268,0.614,3.838,0.154
409,0.409000,717994.584499,-1439591.440806,-721596.856307,8.307858e-04,-1155.073815,647.124522,676.420486,0.577,3.752,0.107
410,0.410000,717921.264492,-1439517.959241,-721596.694748,8.310095e-04,-1155.121897,647.607709,676.747598,0.592,3.739,0.131
411,0.411000,717847.308193,-1439444.700026,-721597.391833,8.300442e-04,-1155.157022,648.042670,677.072273,0.584,3.678,0.112
412,0.412000,717772.889832,-1439371.630465,-721598.740633,8.281766e-04,-1155.203813,648.452396,677.381513,0.629,3.791,0.114
413,0.413000,717697.959908,-1439298.715008,-721600.755100,8.253872e-04,-1155.216791,648.903901,677.704183,0.587,3.939,0.112
414,0.414000,717623.017880,-1439225.919760,-721602.901880,8.224147e-04,-1155.176668,649.409896,678.064908,0.596,4.182,0.148
415,0.415000,717548.641913,-1439153.216990,-721604.575077,8.200979e-04,-1155.140516,649.928972,678.413042,0.581,3.873,0.118
416,0.416000,717474.390144,-1439080.607861,-721606.217717,8.178233e-04,-1155.099059,650.423100,678.725010,0.577,3.655,0.160
417,0.417000,717399.259871,-1439008.114689,-721608.854818,8.141719e-04,-1155.065125,650.909773,679.020529,0.585,3.831,0.135
418,0.418000,717323.828021,-1438935.771682,-721611.943661,8.098948e-04,-1155.061701,651.413091,679.316135,0.580,3.849,0.099
419,0.419000,717248.914421,-1438863.630818,-721614.716397,8.060555e-04,-1155.035523,651.912992,679.639908,0.582,3.665,0.091
420,0.420000,717174.929785,-1438791.746044,-721616.816258,8.031479e-04,-1154.987113,652.410251,680.029859,0.597,3.820,0.123
421,0.421000,717101.838802,-1438720.182627,-721618.343825,8.010328e-04,-1154.979359,652.897685,680.478713,0.584,3.843,0.117
422,0.422000,717028.804766,-1438649.006266,-721620.201500,7.984605e-04,-1155.016182,653.392567,680.927641,0.581,3.777,0.118
423,0.423000,716955.999059,-1438578.270109,-721622.271050,7.955949e-04,-1155.054372,653.863568,681.355862,0.582,3.704,0.107
424,0.424000,716883.402431,-1438508.017673,-721624.615242,7.923490e-04,-1155.088269,654.336011,681.770543,0.574,3.650,0.101
425,0.425000,716810.780776,-1438438.275143,-721627.494367,7.883623e-04,-1155.138976,654.840755,682.205386,0.584,3.721,0.119
426,0.426000,716738.536894,-1438369.072471,-721630.535577,7.841513e-04,-1155.146887,655.292372,682.672796,0.593,3.731,0.115
427,0.427000,716667.684948,-1438300.420025,-721632.735077,7.811057e-04,-1155.114665,655.700149,683.158119,0.574,3.722,0.106
428,0.428000,716597.827288,-1438232.319256,-721634.491968,7.786730e-04,-1155.082193,656.059825,683.657915,0.584,3.780,0.112
429,0.429000,716528.192307,-1438164.757602,-721636.565295,7.758021e-04,-1155.039055,656.352268,684.125682,0.605,3.821,0.111
430,0.430000,716459.483608,-1438097.719229,-721638.235621,7.734893e-04,-1155.022317,656.634975,684.574823,0.569,3.912,0.108
431,0.431000,716392.301001,-1438031.179717,-721638.878716,7.725988e-04,-1155.067657,656.951269,685.056731,0.624,3.756,0.115
432,0.432000,716326.139085,-1437965.106916,-721638.967832,7.724754e-04,-1155.106298,657.308881,685.555638,0.605,3.726,0.143
433,0.433000,716260.438893,-1437899.474445,-721639.035552,7.723817e-04,-1155.132446,657.692128,686.054789,0.592,3.761,0.106
434,0.434000,716195.477219,-1437834.275880,-721638.798661,7.727097e-04,-1155.142628,658.105819,686.556257,0.617,3.802,0.106
435,0.435000,716131.541357,-1437769.511505,-721637.970148,7.738569e-04,-1155.147526,658.523854,687.042492,0.576,3.861,0.155
436,0.436000,716068.318541,-1437705.188334,-721636.869793,7.753805e-04,-1155.195895,658.890010,687.512655,0.581,3.724,0.109
437,0.437000,716005.605946,-1437641.327619,-721635.721673,7.769703e-04,-1155.227207,659.224422,687.984665,0.573,3.713,0.109
438,0.438000,715942.735648,-1437577.957327,-721635.221679,7.776626e-04,-1155.182155,659.565484,688.450829,0.580,3.803,0.109
439,0.439000,715879.826270,-1437515.109145,-721635.282876,7.775779e-04,-1155.099917,659.897866,688.908153,0.571,3.946,0.096
440,0.440000,715818.526320,-1437452.823003,-721634.296683,7.789434e-04,-1154.989872,660.229900,689.360547,0.557,3.701,0.098
441,0.441000,715759.202788,-1437391.124580,-721631.921792,7.822318e-04,-1154.845247,660.534646,689.788324,0.577,3.709,0.102
442,0.442000,715701.466698,-1437330.055021,-721628.588322,7.868476e-04,-1154.677656,660.833400,690.191897,0.585,3.785,0.121
443,0.443000,715644.200635,-1437269.639558,-721625.438922,7.912084e-04,-1154.491365,661.163561,690.580064,0.579,3.752,0.121
444,0.444000,715586.890431,-1437209.912882,-721623.022451,7.945544e-04,-1154.309175,661.479242,690.973805,0.613,3.833,0.174
445,0.445000,715531.185743,-1437150.895763,-721619.710021,7.991410e-04,-1154.102404,661.706213,691.345770,0.590,3.854,0.105
446,0.446000,715477.733464,-1437092.609644,-721614.876180,8.058343e-04,-1153.841402,661.845075,691.667956,0.637,3.748,0.162
447,0.447000,715425.998347,-1437035.071665,-721609.073318,8.138693e-04,-1153.547661,661.939199,691.984045,0.584,3.811,0.103
448,0.448000,715375.387391,-1436978.276067,-721602.888676,8.224330e-04,-1153.256490,662.008490,692.312179,0.593,3.778,0.139
449,0.449000,715325.104735,-1436922.211854,-721597.107118,8.304385e-04,-1152.976554,662.075674,692.629204,0.590,3.730,0.106
450,0.450000,715275.175672,-1436866.851127,-721591.675455,8.379595e-04,-1152.716031,662.177957,692.939344,0.568,3.737,0.102
451,0.451000,715225.386228,-1436812.155769,-721586.769541,8.447525e-04,-1152.478986,662.312208,693.271291,0.576,3.798,0.101
452,0.452000,715175.652240,-1436758.074463,-721582.422224,8.507721e-04,-1152.226172,662.407942,693.636797,0.582,3.747,0.110
453,0.453000,715126.184191,-1436704.551326,-721578.367135,8.563870e-04,-1151.922674,662.460407,694.036060,0.650,3.888,0.166
454,0.454000,715075.908856,-1436651.536602,-721575.627746,8.601802e-04,-1151.599612,662.556742,694.422449,0.583,3.770,0.116
455,0.455000,715024.790310,-1436598.973351,-721574.183041,8.621806e-04,-1151.276396,662.717314,694.742296,0.591,4.129,0.105
456,0.456000,714973.679809,-1436546.823894,-721573.144085,8.636192e-04,-1150.927051,662.912114,695.060919,0.612,3.728,0.105
457,0.457000,714922.712402,-1436495.058522,-721572.346120,8.647241e-04,-1150.579236,663.157961,695.390348,0.576,4.049,0.099
458,0.458000,714871.413900,-1436443.660180,-721572.246279,8.648624e-04,-1150.260032,663.428951,695.699513,0.605,3.691,0.107
459,0.459000,714819.842528,-1436392.623111,-721572.780583,8.641225e-04,-1149.945267,663.672094,696.036721,0.572,3.696,0.101
460,0.460000,714768.897606,-1436341.948985,-721573.051379,8.637476e-04,-1149.621809,663.873813,696.396461,0.580,3.947,0.114
461,0.461000,714718.639204,-1436291.647018,-721573.007815,8.638079e-04,-1149.331223,664.100615,696.750577,0.589,3.909,0.104
462,0.462000,714669.365524,-1436241.726755,-721572.361231,8.647032e-04,-1149.120000,664.302337,697.093259,0.560,3.807,0.107
463,0.463000,714621.480110,-1436192.199537,-721570.719427,8.669766e-04,-1148.895558,664.446380,697.457636,0.588,3.990,0.124
464,0.464000,714573.910012,-1436143.081370,-721569.171358,8.691201e-04,-1148.644858,664.573701,697.873359,0.577,3.713,0.113
465,0.465000,714526.154539,-1436094.388413,-721568.233874,8.704182e-04,-1148.439208,664.666933,698.328001,0.591,3.728,0.113
466,0.466000,714479.248264,-1436046.133937,-721566.885673,8.722850e-04,-1148.277888,664.741904,698.766197,0.599,4.049,0.101
467,0.467000,714433.260587,-1435998.337230,-721565.076642,8.747899e-04,-1148.149312,664.855596,699.147697,0.549,3.825,0.086
468,0.468000,714387.963786,-1435951.010057,-721563.046270,8.776013e-04,-1148.042269,665.011770,699.519903,0.587,3.712,0.123
469,0.469000,714342.878976,-1435904.153097,-721561.274122,8.800551e-04,-1147.952770,665.156492,699.898146,0.577,3.732,0.113
470,0.470000,714298.009054,-1435857.759200,-721559.750146,8.821653e-04,-1147.860673,665.304360,700.254448,0.568,3.810,0.101
471,0.471000,714253.551771,-1435811.813299,-721558.261528,8.842266e-04,-1147.752790,665.476984,700.630587,0.581,3.818,0.107
472,0.472000,714209.422021,-1435766.307058,-721556.885037,8.861325e-04,-1147.624192,665.629944,701.015501,0.583,3.680,0.099
473,0.473000,714165.614061,-1435721.222391,-721555.608330,8.879003e-04,-1147.487473,665.755913,701.367741,0.572,3.756,0.111
474,0.474000,714120.921916,-1435676.543615,-721555.621699,8.878818e-04,-1147.374392,665.896147,701.695601,0.588,3.741,0.097
475,0.475000,714076.336644,-1435632.262590,-721555.925946,8.874606e-04,-1147.287395,666.042089,701.998884,1.274,6.596,0.415
476,0.476000,714032.792834,-1435588.373510,-721555.580676,8.879386e-04,-1147.201048,666.204410,702.321137,0.580,3.793,0.106
477,0.477000,713989.355074,-1435544.874394,-721555.519321,8.880236e-04,-1147.088654,666.346780,702.642249,0.594,3.768,0.108
478,0.478000,713946.205392,-1435501.775854,-721555.570462,8.879528e-04,-1146.959517,666.428093,702.903848,0.578,3.642,0.165
479,0.479000,713904.362962,-1435459.071197,-721554.708235,8.891467e-04,-1146.811497,666.480202,703.113326,0.580,3.732,0.111
480,0.480000,713863.864810,-1435416.758762,-721552.893953,8.916588e-04,-1146.675479,666.500170,703.311843,0.594,3.701,0.096
481,0.481000,713824.876593,-1435374.824600,-721549.948007,8.957380e-04,-1146.527394,666.474776,703.488615,0.584,3.717,0.104
482,0.482000,713788.247828,-1435333.237850,-721544.990022,9.026031e-04,-1146.334561,666.452756,703.588116,0.601,3.773,0.112
483,0.483000,713752.545458,-1435291.963356,-721539.417898,9.103187e-04,-1146.096891,666.467351,703.659069,0.573,3.742,0.108
484,0.484000,713716.413952,-1435250.951994,-721534.538042,9.170756e-04,-1145.795633,666.470647,703.740075,0.633,3.768,0.113
485,0.485000,713680.435598,-1435210.154095,-721529.718497,9.237491e-04,-1145.476223,666.466609,703.817065,0.587,3.793,0.118
486,0.486000,713644.613989,-1435169.513157,-721524.899168,9.304222e-04,-1145.202866,666.516384,703.912636,0.598,3.793,0.099
487,0.487000,713608.292880,-1435128.976603,-721520.683723,9.362592e-04,-1144.978753,666.592443,704.037186,0.601,3.791,0.115
488,0.488000,713571.661894,-1435088.490628,-721516.828734,9.415971e-04,-1144.763341,666.680998,704.181103,0.580,3.870,0.109
489,0.489000,713534.853483,-1435048.016763,-721513.163280,9.466725e-04,-1144.592070,666.779804,704.374605,0.581,4.111,0.109
490,0.490000,713497.642377,-1435007.519259,-721509.876883,9.512230e-04,-1144.456508,666.875229,704.594099,0.575,4.065,0.110
491,0.491000,713460.290980,-1434966.979879,-721506.688899,9.556373e-04,-1144.319616,667.002579,704.797898,0.582,3.741,0.106
492,0.492000,713422.546057,-1434926.385720,-721503.839663,9.595826e-04,-1144.188728,667.147366,704.999105,0.606,3.845,0.130
493,0.493000,713384.472289,-1434885.734717,-721501.262428,9.631512e-04,-1144.076442,667.312534,705.257366,0.569,3.641,0.092
494,0.494000,713346.744962,-1434845.036019,-721498.291056,9.672655e-04,-1144.019199,667.514951,705.552189,0.607,3.776,0.127
495,0.495000,713308.896899,-1434804.310431,-721495.413532,9.712499e-04,-1144.013300,667.712696,705.876871,0.580,3.723,0.113
496,0.496000,713270.580281,-1434763.588141,-721493.007859,9.745810e-04,-1143.997152,667.906636,706.297751,0.574,3.863,0.130
497,0.497000,713232.721024,-1434722.898913,-721490.177889,9.784995e-04,-1143.961451,668.100438,706.733361,0.598,3.922,0.100
498,0.498000,713195.632166,-1434682.266391,-721486.634225,9.834063e-04,-1143.923094,668.260866,707.095074,0.568,4.127,0.093
499,0.499000,713159.251676,-1434641.730522,-721482.478846,9.891601e-04,-1143.885045,668.412072,707.403065,0.586,3.878,0.134
500,0.500000,713123.536554,-1434601.320247,-721477.783693,9.956613e-04,-1143.871868,668.582613,707.702526,0.577,3.696,0.124
